Lan Chay,Time,Co Sac,Khong Sac
No.0,2518.987041950226,21684.256349834108,5450.067678928178
Average,2518.987041950226,21684.256349834108,5450.067678928178
