Lan Chay,Time,Co Sac,Khong Sac
No.0,154.6695351600647,8407.884755662972,3020.1024056306105
Average,154.6695351600647,8407.884755662972,3020.1024056306105
