Lan Chay,Time,Co Sac,Khong Sac
No.0,7149.8451359272,34994.19737455914,9045.0195950851
Average,7149.8451359272,34994.19737455914,9045.0195950851
