Lan Chay,Time,Co Sac,Khong Sac
No.0,245.10796809196472,10914.523410067914,3893.2896039004177
Average,245.10796809196472,10914.523410067914,3893.2896039004177
