Lan Chay,Time,Co Sac,Khong Sac
No.0,2062.094493150711,10939.629426795955,3391.422982748821
Average,2062.094493150711,10939.629426795955,3391.422982748821
