Lan Chay,Time,Co Sac,Khong Sac
No.0,1685.920390844345,15596.993571643317,4533.429417851711
Average,1685.920390844345,15596.993571643317,4533.429417851711
