lan chay,life time
1,67821.7200782241
2,120644.229670715
3,40128.5413301931
4,
5,
6,
7,
8,
9,
10,
avg,76198.1636930439
