Lan Chay,Time,Co Sac,Khong Sac
No.0,3751.0071849823,62812.01110718407,9045.0195950851
Average,3751.0071849823,62812.01110718407,9045.0195950851
,,nan,
