Lan Chay,Time,Co Sac,Khong Sac
No.0,5316.787744998932,54273.92868370925,9045.0195950851
Average,5316.787744998932,54273.92868370925,9045.0195950851
,,nan,
