Lan Chay,Time,Co Sac,Khong Sac
No.0,4143.884397983551,41019.06871993119,9045.0195950851
Average,4143.884397983551,41019.06871993119,9045.0195950851
,,nan,
