Lan Chay,Time,Co Sac,Khong Sac
No.0,2754.0881009101868,61248.02712824523,9045.0195950851
Average,2754.0881009101868,61248.02712824523,9045.0195950851
,,nan,
