Lan Chay,Time,Co Sac,Khong Sac
No.0,2070.2771389484406,48423.456907384025,9045.0195950851
Average,2070.2771389484406,48423.456907384025,9045.0195950851
,,nan,
