Lan Chay,Time,Co Sac,Khong Sac
No.0,25774.04190683365,98215.44306989227,9045.0195950851
Average,25774.04190683365,98215.44306989227,9045.0195950851
,,nan,
