Lan Chay,Time,Co Sac,Khong Sac
No.0,7596.773069143295,77307.07474411253,9045.0195950851
Average,7596.773069143295,77307.07474411253,9045.0195950851
,,nan,
