Lan Chay,Time,Co Sac,Khong Sac
No.0,9382.021697998047,42795.396124619874,9045.0195950851
Average,9382.021697998047,42795.396124619874,9045.0195950851
,,nan,
