Lan Chay,Time,Co Sac,Khong Sac
No.0,26446.055384159088,120644.22967071462,9045.0195950851
Average,26446.055384159088,120644.22967071462,9045.0195950851
,,nan,
