Lan Chay,Time,Co Sac,Khong Sac
No.0,20157.091633796692,63358.826396566816,9045.0195950851
Average,20157.091633796692,63358.826396566816,9045.0195950851
,,nan,
