Lan Chay,Time,Co Sac,Khong Sac
No.0,5137.339469909668,82786.30169656995,9045.0195950851
Average,5137.339469909668,82786.30169656995,9045.0195950851
,,nan,
