Lan Chay,Time,Co Sac,Khong Sac
No.0,511.679496049881,19544.03312405688,9045.0195950851
Average,511.679496049881,19544.03312405688,9045.0195950851
,,nan,
