Lan Chay,Time,Co Sac,Khong Sac
No.0,13454.726861953735,66206.2797376991,9045.0195950851
Average,13454.726861953735,66206.2797376991,9045.0195950851
,,nan,
