Lan Chay,Time,Co Sac,Khong Sac
No.0,2808.7082059383392,30812.006326114977,9045.0195950851
Average,2808.7082059383392,30812.006326114977,9045.0195950851
,,nan,
