Lan Chay,Time,Co Sac,Khong Sac
No.0,3098.1634850502014,69242.94752244384,9045.0195950851
Average,3098.1634850502014,69242.94752244384,9045.0195950851
,,nan,
