Lan Chay,Time,Co Sac,Khong Sac
No.0,1858.3863580226898,48112.195551939294,9045.0195950851
Average,1858.3863580226898,48112.195551939294,9045.0195950851
,,nan,
