Lan Chay,Time,Co Sac,Khong Sac
No.0,7217.165704011917,47760.0139897098,9045.0195950851
Average,7217.165704011917,47760.0139897098,9045.0195950851
,,nan,
