Lan Chay,Time,Co Sac,Khong Sac
No.0,3465.3193531036377,79836.63089594847,9045.0195950851
Average,3465.3193531036377,79836.63089594847,9045.0195950851
,,nan,
