Lan Chay,Time,Co Sac,Khong Sac
No.0,734.0212368965149,24802.481091639376,9045.0195950851
Average,734.0212368965149,24802.481091639376,9045.0195950851
,,nan,
