Lan Chay,Time,Co Sac,Khong Sac
No.0,2249.9307861328125,68149.0208876782,9045.0195950851
Average,2249.9307861328125,68149.0208876782,9045.0195950851
,,nan,
