Lan Chay,Time,Co Sac,Khong Sac
No.0,330.2943868637085,25978.835007178626,9045.0195950851
Average,330.2943868637085,25978.835007178626,9045.0195950851
,,nan,
