Lan Chay,Time,Co Sac,Khong Sac
No.0,1321.1637270450592,28663.26120457066,9045.0195950851
Average,1321.1637270450592,28663.26120457066,9045.0195950851
,,nan,
