Lan Chay,Time,Co Sac,Khong Sac
No.0,4740.800947904587,54819.5253033569,9045.0195950851
Average,4740.800947904587,54819.5253033569,9045.0195950851
,,nan,
