Lan Chay,Time,Co Sac,Khong Sac
No.0,21640.863322019577,88512.17511448763,9045.0195950851
Average,21640.863322019577,88512.17511448763,9045.0195950851
,,nan,
