Lan Chay,Time,Co Sac,Khong Sac
No.0,4745.202430009842,40341.122178385216,9045.0195950851
Average,4745.202430009842,40341.122178385216,9045.0195950851
,,nan,
