Lan Chay,Time,Co Sac,Khong Sac
No.0,1218.7660439014435,40128.54133019308,9045.0195950851
Average,1218.7660439014435,40128.54133019308,9045.0195950851
,,nan,
