Lan Chay,Time,Co Sac,Khong Sac
No.0,5361.034380912781,58934.885591112485,9045.0195950851
Average,5361.034380912781,58934.885591112485,9045.0195950851
,,nan,
