Lan Chay,Time,Co Sac,Khong Sac
No.0,622.5814740657806,25359.137658623327,9045.0195950851
Average,622.5814740657806,25359.137658623327,9045.0195950851
,,nan,
