Lan Chay,Time,Co Sac,Khong Sac
No.0,6591.217363119125,92458.58075502433,9045.0195950851
Average,6591.217363119125,92458.58075502433,9045.0195950851
,,nan,
