Lan Chay,Time,Co Sac,Khong Sac
No.0,6043.019036054611,50571.44125032874,9045.0195950851
Average,6043.019036054611,50571.44125032874,9045.0195950851
,,nan,
