Lan Chay,Time,Co Sac,Khong Sac
No.0,14091.726181030273,101602.66552813885,9045.0195950851
Average,14091.726181030273,101602.66552813885,9045.0195950851
,,nan,
