Lan Chay,Time,Co Sac,Khong Sac
No.0,1862.4812529087067,27895.430090990318,9045.0195950851
Average,1862.4812529087067,27895.430090990318,9045.0195950851
,,nan,
