Lan Chay,Time,Co Sac,Khong Sac
No.0,1362.456171989441,19670.63678618122,9045.0195950851
Average,1362.456171989441,19670.63678618122,9045.0195950851
,,nan,
