Lan Chay,Time,Co Sac,Khong Sac
No.0,19055.00478196144,97457.24835548276,9045.0195950851
Average,19055.00478196144,97457.24835548276,9045.0195950851
,,nan,
