Lan Chay,Time,Co Sac,Khong Sac
No.0,1590.578814983368,39560.46043870118,9045.0195950851
Average,1590.578814983368,39560.46043870118,9045.0195950851
,,nan,
