Lan Chay,Time,Co Sac,Khong Sac
No.0,1976.3635580539703,32979.94174311386,9045.0195950851
Average,1976.3635580539703,32979.94174311386,9045.0195950851
,,nan,
