Lan Chay,Time,Co Sac,Khong Sac
No.0,14738.514122962952,61199.18086895576,9045.0195950851
Average,14738.514122962952,61199.18086895576,9045.0195950851
,,nan,
