Lan Chay,Time,Co Sac,Khong Sac
No.0,4103.410327911377,39970.67209153076,9045.0195950851
Average,4103.410327911377,39970.67209153076,9045.0195950851
,,nan,
