Lan Chay,Time,Co Sac,Khong Sac
No.0,9000.491253852844,68464.96257690013,9045.0195950851
Average,9000.491253852844,68464.96257690013,9045.0195950851
,,nan,
