Lan Chay,Time,Co Sac,Khong Sac
No.0,18428.059108018875,81184.47456840781,9045.0195950851
Average,18428.059108018875,81184.47456840781,9045.0195950851
,,nan,
