Lan Chay,Time,Co Sac,Khong Sac
No.0,13369.788517951965,90877.76832655797,9045.0195950851
Average,13369.788517951965,90877.76832655797,9045.0195950851
,,nan,
