Lan Chay,Time,Co Sac,Khong Sac
No.0,8359.938644886017,67821.72007822413,9045.0195950851
Average,8359.938644886017,67821.72007822413,9045.0195950851
,,nan,
