Lan Chay,Time,Co Sac,Khong Sac
No.0,815.9872179031372,47000.043837951685,9045.0195950851
Average,815.9872179031372,47000.043837951685,9045.0195950851
,,nan,
