Lan Chay,Time,Co Sac,Khong Sac
No.0,6330.825397014618,51585.871277128834,9045.0195950851
Average,6330.825397014618,51585.871277128834,9045.0195950851
,,nan,
