Lan Chay,Time,Co Sac,Khong Sac
No.0,26171.92222213745,97879.62704480125,9045.0195950851
Average,26171.92222213745,97879.62704480125,9045.0195950851
,,nan,
