Lan Chay,Time,Co Sac,Khong Sac
No.0,23790.618315935135,84664.03864413992,9045.0195950851
Average,23790.618315935135,84664.03864413992,9045.0195950851
,,nan,
