Lan Chay,Time,Co Sac,Khong Sac
No.0,953.3029489517212,39942.26575935165,9045.0195950851
Average,953.3029489517212,39942.26575935165,9045.0195950851
,,nan,
