Lan Chay,Time,Co Sac,Khong Sac
No.0,1382.9241979122162,54015.56906595737,9045.0195950851
Average,1382.9241979122162,54015.56906595737,9045.0195950851
,,nan,
