Lan Chay,Time,Co Sac,Khong Sac
No.0,2676.9687678813934,60075.61952550992,9045.0195950851
Average,2676.9687678813934,60075.61952550992,9045.0195950851
,,nan,
