Lan Chay,Time,Co Sac,Khong Sac
No.0,17403.7101418972,71084.96697658433,9045.0195950851
Average,17403.7101418972,71084.96697658433,9045.0195950851
,,nan,
