Lan Chay,Time,Co Sac,Khong Sac
No.0,8312.202390909195,41268.09807615365,9045.0195950851
Average,8312.202390909195,41268.09807615365,9045.0195950851
,,nan,
