Lan Chay,Time,Co Sac,Khong Sac
No.0,13663.633111000061,56147.61422454076,9045.0195950851
Average,13663.633111000061,56147.61422454076,9045.0195950851
,,nan,
