Lan Chay,Time,Co Sac,Khong Sac
No.0,947.7728488445282,47774.82291791819,9045.0195950851
Average,947.7728488445282,47774.82291791819,9045.0195950851
,,nan,
