Lan Chay,Time,Co Sac,Khong Sac
No.0,4221.80467414856,51641.94733175964,9045.0195950851
Average,4221.80467414856,51641.94733175964,9045.0195950851
,,nan,
