Lan Chay,Time,Co Sac,Khong Sac
No.0,607.6412150859833,41761.21021898342,9045.0195950851
Average,607.6412150859833,41761.21021898342,9045.0195950851
,,nan,
