Lan Chay,Time,Co Sac,Khong Sac
No.0,1402.3718609809875,42174.93182613073,9045.0195950851
Average,1402.3718609809875,42174.93182613073,9045.0195950851
,,nan,
