Lan Chay,Time,Co Sac,Khong Sac
No.0,2795.5317969322205,50387.50988281431,9045.0195950851
Average,2795.5317969322205,50387.50988281431,9045.0195950851
,,nan,
