Lan Chay,Time,Co Sac,Khong Sac
No.0,2292.9733250141144,46932.18541321555,9045.0195950851
Average,2292.9733250141144,46932.18541321555,9045.0195950851
,,nan,
