Lan Chay,Time,Co Sac,Khong Sac
No.0,3899.149069070816,52831.98405074388,9045.0195950851
Average,3899.149069070816,52831.98405074388,9045.0195950851
,,nan,
