Lan Chay,Time,Co Sac,Khong Sac
No.0,1407.645122051239,47571.66573319546,9045.0195950851
Average,1407.645122051239,47571.66573319546,9045.0195950851
,,nan,
