Lan Chay,Time,Co Sac,Khong Sac
No.0,3510.7173471450806,55649.90640826264,9045.0195950851
Average,3510.7173471450806,55649.90640826264,9045.0195950851
,,nan,
